GrandID,Latitude,Longitude,Sample Date,P,ETa,PET,Melt,Snow,Temp,P_res,S_res,Ea_res,Qin_res,FracFull,Qout_res
4132,-24.495832443237305,17.879167556762695,2012-05-10,0.0,0.40559133887290955,0.0,0.0,0.0,0.0,0.0,295000000.0,2.798283338546753,29.839542388916016,1.0,29.1437931060791
4849,24.612499237060547,85.47916412353516,2013-02-04,0.0,0.09729276597499847,0.0,0.0,0.0,0.0,0.0,48515368.0,2.7561392784118652,0.061080724000930786,0.8222943544387817,1.3914999961853027
5075,30.329166412353516,104.2874984741211,2014-06-27,3.021512985229492,2.2892394065856934,0.0,0.0,0.0,0.0,4.766330242156982,129911128.0,3.921325206756592,0.07457235455513,0.5680416822433472,1.2774988412857056
592,37.09583282470703,-119.88749694824219,2011-04-12,0.0,3.0159029960632324,0.0,0.2212487757205963,3.1227779388427734,0.0,0.0,110875992.0,3.8521804809570312,12.269124984741211,0.9988828897476196,12.512185096740723
1332,22.929166793823242,-98.7874984741211,2010-11-27,0.05303520709276199,0.1480642408132553,0.0,0.0,0.0,0.0,0.06693229079246521,30882090.0,2.2170345783233643,0.02268221043050289,0.15676185488700867,0.5754462480545044
3169,59.037498474121094,7.145833492279053,2015-11-06,0.5517137050628662,0.19475972652435303,0.0,0.0005876412033103406,0.0,0.0,1.201278567314148,684000000.0,0.6144528985023499,8.007222175598145,1.0,8.196295738220215
4500,-3.8375000953674316,37.462501525878906,2010-05-11,0.18849240243434906,2.8556694984436035,0.0,0.013942676596343517,3.4508156776428223,0.0,0.1436838060617447,870000000.0,3.7954604625701904,115.72779846191406,0.7665198445320129,111.10052490234375
4896,21.612499237060547,75.62083435058594,2012-02-09,0.0,0.04799478128552437,0.0,0.0,0.0,0.0,0.0,45489512.0,3.23272705078125,0.0005304613150656223,0.8065516352653503,0.7815000414848328
2192,42.07083511352539,-74.97916412353516,2014-02-24,1.173044204711914,0.9535104036331177,0.0,0.0,71.08651733398438,0.0,1.8361190557479858,512359616.0,1.3411976099014282,38.70514678955078,0.6812387108802795,20.189626693725586
2441,-25.879167556762695,-54.57083511352539,2013-04-30,1.0917552709579468,2.4775214195251465,16922.0,0.0,0.0,16922.0,1.0010696649551392,1185748224.0,2.6701488494873047,3.5663115978240967,0.9881235361099243,22.08734130859375
3067,63.72916793823242,13.5625,2013-03-30,0.0,0.0768803134560585,0.0,0.0,188.45758056640625,0.0,0.0,57743872.0,1.2217060327529907,1.4202841520309448,0.46195101737976074,1.352109670639038
1199,32.59583282470703,-95.25416564941406,2010-01-22,12.544872283935547,1.338425874710083,15728.0,0.0,0.0,15728.0,15.772356033325195,14505659.0,1.726238489151001,0.11558160930871964,0.2924528419971466,0.33394670486450195
4394,40.47916793823242,32.65416717529297,2012-01-18,0.2406751662492752,0.4575800895690918,0.0,0.0,46.2374382019043,0.0,0.1174248680472374,102670032.0,0.829179584980011,0.8028402328491211,0.9085844159126282,1.2359477281570435
5230,36.837501525878906,105.92916870117188,2011-04-20,0.09738624840974808,0.45266491174697876,4.204033851623535,0.0,0.0,14.264918327331543,0.020832184702157974,71399304.0,4.414333820343018,6.156706809997559,0.9357708096504211,6.392814636230469
4018,39.40416717529297,16.52916717529297,2015-08-10,5.118449687957764,1.960656762123108,0.0,0.0,0.0,0.0,3.4266631603240967,100605088.0,4.065893173217773,0.37407439947128296,0.8280254602432251,1.0420000553131104
5436,30.454166412353516,116.25416564941406,2012-09-02,0.6294201612472534,2.192378282546997,0.0,0.0,0.0,0.0,0.6446043848991394,1463748608.0,2.8154265880584717,11.23216724395752,0.607869029045105,22.496654510498047
4820,25.22916603088379,79.10416412353516,2010-07-09,8.239079475402832,3.8143959045410156,0.0,0.0,0.0,0.0,11.451404571533203,2631622.75,4.42584753036499,5.983047962188721,0.0345357283949852,0.3196617066860199
4126,-23.97083282470703,27.72916603088379,2011-07-17,0.0,0.34023767709732056,2.053666830062866,0.0,0.0,10.711104393005371,0.0,148700000.0,2.1145436763763428,6.565115451812744,1.0,6.385894775390625
4824,25.129167556762695,79.72083282470703,2013-06-21,0.19161179661750793,3.3650519847869873,0.0,0.0,0.0,0.0,0.13621337711811066,76153680.0,4.607466697692871,64.5194320678711,0.6531189680099487,2.4075000286102295
3680,-17.412500381469727,14.645833015441895,2014-03-09,10.415908813476562,2.3751134872436523,0.0,0.0,0.0,0.0,11.05450439453125,30847958.0,3.1747286319732666,3.8935229778289795,0.7292661666870117,3.9959068298339844
3043,6.462500095367432,-10.6875,2011-10-09,13.335115432739258,3.125462770462036,0.0,0.0,0.0,0.0,5.039006233215332,1789551.0,2.9251954555511475,646.5398559570312,0.007794211618602276,646.6686401367188
2068,45.170833587646484,-67.77083587646484,2013-07-21,3.12227463722229,2.3258538246154785,0.0,0.0,0.0,0.0,6.3288140296936035,538465984.0,4.749760150909424,4.449187755584717,0.6825529932975769,6.765295505523682
6000,35.079166412353516,127.23750305175781,2011-08-24,29.727060317993164,2.274766206741333,0.0,0.0,0.0,0.0,29.410572052001953,210000000.0,2.361201524734497,213.3301239013672,1.0,218.0553436279297
1417,47.22083282470703,-75.1624984741211,2015-08-24,0.01015352550894022,1.8558769226074219,0.0,0.0,0.0,0.0,0.03695344179868698,500000000.0,2.5751538276672363,12.041081428527832,1.0,9.70974063873291
1526,43.10416793823242,-88.9124984741211,2015-08-04,0.03460200875997543,3.095421314239502,0.0,0.0,0.0,0.0,0.048141926527023315,29792086.0,4.726994037628174,0.040410540997982025,0.8536415100097656,0.1934632956981659
5185,41.72083282470703,117.85416412353516,2013-09-25,0.0,1.60138738155365,17070.0,0.0,0.0,17070.0,0.0,179614112.0,2.468935489654541,12.666696548461914,0.9814978837966919,14.613777160644531
1125,34.12916564941406,-93.70417022705078,2013-10-22,0.7215150594711304,1.8030803203582764,0.0,0.0,0.0,0.0,0.6564110517501831,246961968.0,2.286726951599121,0.05998117849230766,0.33337199687957764,5.493735313415527
278,49.5625,-113.87916564941406,2014-01-18,0.004958693869411945,0.2795941233634949,0.0,3.6415391946320597e-07,78.17048645019531,0.0,0.0011386109981685877,383682624.0,0.44584664702415466,24.318435668945312,0.7830257415771484,18.911497116088867
5457,30.012500762939453,106.95417022705078,2012-02-15,0.47845658659935,0.7343567609786987,0.0,0.0,0.0,0.0,0.44896358251571655,39296280.0,1.1773898601531982,1.8440685272216797,0.10678336769342422,12.8298921585083
3121,60.19583511352539,6.3458333015441895,2015-05-10,0.6808235049247742,0.1043233647942543,0.0,0.1680649369955063,555.9384155273438,0.0,1.634569525718689,6961135.0,2.37198543548584,0.09775863587856293,0.04800782725214958,0.43441230058670044
1353,20.212499618530273,-97.98750305175781,2012-10-18,0.47181567549705505,2.936053991317749,0.0,0.0,0.0,0.0,0.4133395552635193,42403528.0,3.697803020477295,2.429171323776245,0.9861285090446472,4.399999618530273
382,44.00416564941406,-117.38749694824219,2013-02-03,0.01130914967507124,0.4354003965854645,0.0,3.234727500966983e-06,31.277135848999023,0.0,0.015262514352798462,18007212.0,0.9126817584037781,3.104233980178833,0.48668140172958374,1.6884034872055054
5945,37.537498474121094,128.0124969482422,2011-12-04,5.140481948852539,0.8537387847900391,0.0,8.372037882509176e-06,6.780683994293213,0.0,4.935420989990234,36523092.0,0.976685643196106,6.10999870300293,0.42028871178627014,3.4331583976745605
5822,-20.97083282470703,117.0875015258789,2014-04-29,0.0,0.8226831555366516,0.0,0.0,0.0,0.0,0.0,50962540.0,3.4276912212371826,0.37916192412376404,0.7987858653068542,0.9265000224113464
2579,56.420833587646484,-4.054166793823242,2010-07-21,6.5587310791015625,1.026277780532837,0.0,0.0,0.0,0.0,7.609218597412109,15153443.0,1.2308318614959717,0.2283603698015213,0.5034366846084595,0.31499946117401123
6702,-24.362499237060547,150.6041717529297,2012-09-22,0.029533755034208298,0.6628947854042053,0.0,0.0,0.0,0.0,0.053845085203647614,126945456.0,3.9696972370147705,0.9514687657356262,0.9995705485343933,0.8509074449539185
4199,-27.9375,29.945833206176758,2012-03-26,0.12799841165542603,2.1431727409362793,0.0,0.0,0.0,0.0,0.19760099053382874,196744928.0,3.7872512340545654,1.0488691329956055,0.9916579127311707,1.0613703727722168
111,42.212501525878906,-122.36250305175781,2013-06-29,0.0,3.5948517322540283,16982.0,0.0,0.0,16982.0,0.0,73365376.0,5.518248081207275,0.44058457016944885,0.9821335673332214,0.43937331438064575
2633,52.10416793823242,-3.7791666984558105,2010-12-04,2.36932635307312,0.5104913115501404,0.0,1.8443822860717773,1.6944873332977295,0.0,2.5404505729675293,41133188.0,0.5595237016677856,1.2098246812820435,0.674314558506012,1.7814992666244507
2077,45.02916717529297,-67.34583282470703,2012-12-12,1.5539880990982056,0.31623727083206177,0.0,0.0,1.239625096321106,0.0,3.0014445781707764,6316452.0,0.5639594197273254,1.2776674032211304,0.2699338495731354,1.4257457256317139
1859,34.17916488647461,-86.82083129882812,2012-02-03,0.4680057168006897,1.216721773147583,0.0,0.0,0.0,0.0,0.5037561058998108,13412246.0,1.3791333436965942,0.9309313893318176,0.5080395936965942,0.8154999017715454
2267,10.170833587646484,-71.04582977294922,2011-01-15,3.5908284187316895,2.8955397605895996,0.0,0.0,0.0,0.0,4.5385212898254395,115885184.0,2.999091148376465,2.255183696746826,0.9990102052688599,2.558943510055542
746,47.69583511352539,-96.13749694824219,2013-03-26,0.16355183720588684,0.13664588332176208,0.0,0.0,93.37979888916016,0.0,0.22334197163581848,10983198.0,1.485053300857544,0.05808155983686447,0.43757757544517517,0.12299875915050507
1726,37.74583435058594,-82.72916412353516,2010-03-06,0.0,1.7767292261123657,0.0,0.2403412163257599,0.3565281331539154,0.0,0.0,21200000.0,2.151309013366699,5.780219078063965,0.18418766558170319,5.5647406578063965
5636,26.554166793823242,118.8125,2013-09-29,0.30017510056495667,2.2558529376983643,0.0,0.0,0.0,0.0,0.20220085978507996,604548672.0,2.37540864944458,5.999164581298828,0.9431337118148804,17.757932662963867
805,46.4375,-90.23750305175781,2015-07-21,0.05350490286946297,3.8040146827697754,0.0,0.0,0.0,0.0,0.043543677777051926,21410656.0,4.642189025878906,0.291434109210968,0.31579136848449707,1.6583515405654907
1444,46.14583206176758,-88.24583435058594,2014-02-04,0.0,0.22890493273735046,0.0,0.0,98.82080841064453,0.0,0.0,61458932.0,0.7898647785186768,6.730991363525391,0.39753514528274536,12.213869094848633
4723,25.237499237060547,67.0875015258789,2013-03-08,0.0,0.2219727486371994,0.0,0.0,0.0,0.0,0.0,1048838336.0,4.213632106781006,9.417023658752441,0.9200336337089539,9.50440788269043
1365,19.64583396911621,-99.24583435058594,2011-01-27,0.01869426667690277,0.16915681958198547,0.0,0.0,0.0,0.0,0.06898538768291473,65440564.0,3.0903279781341553,0.47654610872268677,0.9915237426757812,0.4285740852355957
377,44.27916717529297,-115.62916564941406,2011-02-23,5.404533386230469,0.517322301864624,0.0,0.0,358.24859619140625,0.0,5.247775554656982,198273072.0,1.1897871494293213,1.6579511165618896,0.9923578500747681,2.147069215774536
1237,31.9375,-96.6875,2011-01-14,0.0,0.7536536455154419,0.0,9.348752975463867,2.0004091262817383,0.0,0.0,80876936.0,0.8572943806648254,22.007484436035156,0.19526058435440063,19.624000549316406
29,49.69583511352539,-123.5374984741211,2015-09-20,11.96812915802002,0.7626325488090515,0.8264473676681519,0.020125720649957657,0.021352361887693405,9.725991249084473,16.58527946472168,79784600.0,0.9067419171333313,16.061771392822266,0.7986447215080261,11.094499588012695
1750,37.087501525878906,-80.57917022705078,2015-12-23,8.332514762878418,0.7520633339881897,0.0,0.0,0.0,0.0,6.426141262054443,267187712.0,0.7574361562728882,109.43815612792969,0.9335699081420898,91.72969818115234
5533,28.6875,111.63749694824219,2015-02-07,0.0,0.6694316267967224,0.0,0.0,0.0,0.0,0.0,14294938.0,1.5242602825164795,0.054192911833524704,0.14294938743114471,0.19431036710739136
2133,43.670833587646484,-73.75416564941406,2011-05-18,3.4023265838623047,1.312846302986145,0.0,0.0,0.0,0.0,3.3713059425354004,32463280.0,1.6165870428085327,3.2308261394500732,0.6377854347229004,3.3260741233825684
2486,-6.412499904632568,-38.9375,2012-03-15,0.0349063016474247,2.201265811920166,0.0,0.0,0.0,0.0,0.012914960272610188,58123416.0,4.523540496826172,0.26606297492980957,0.8753527402877808,0.39999955892562866
1286,30.662500381469727,-97.7125015258789,2015-03-11,0.09016367793083191,1.6881564855575562,0.0,0.0,0.0,0.0,0.08924305438995361,46339080.0,1.9374816417694092,30.1076717376709,0.1706780195236206,5.019412994384766
4888,22.39583396911621,79.6624984741211,2014-04-20,0.7956492900848389,0.9927412271499634,0.0,0.0,0.0,0.0,0.8746620416641235,332927680.0,4.880558490753174,0.01870044507086277,0.656662106513977,12.877469062805176
32,49.420833587646484,-122.97916412353516,2014-01-25,0.0,0.38683801889419556,0.0,1.9909747838974,144.13430786132812,0.0,0.0,25300000.0,0.5350496768951416,6.640430450439453,1.0,6.626332759857178
3494,41.97083282470703,2.429166555404663,2012-10-25,0.03339897468686104,0.9405256509780884,0.0,0.0,0.0,0.0,0.01923825964331627,147868944.0,1.0872023105621338,51.23506546020508,0.8775604963302612,12.199132919311523
2235,40.88750076293945,-74.6624984741211,2011-02-02,5.829812526702881,0.4353678822517395,0.0,0.0,25.310029983520508,0.0,9.582340240478516,28481190.0,0.744652271270752,0.23394055664539337,0.4786754548549652,0.6813440322875977
759,47.40416717529297,-93.47916412353516,2011-01-28,0.25725430250167847,0.11430014669895172,0.0,0.0,52.86907958984375,0.0,0.5800836086273193,93547824.0,0.6881169080734253,0.38659965991973877,0.6265761852264404,0.38624638319015503
1885,33.30416488647461,-84.4124984741211,2012-11-04,0.0,0.4030754566192627,0.0,0.0,0.0,0.0,0.0,7892089.5,1.7336008548736572,0.0036987983621656895,0.352325439453125,0.12949585914611816
5580,27.870832443237305,109.72083282470703,2014-01-24,0.0,1.0516679286956787,1.9428268671035767,0.0,0.0,10.390250205993652,0.0,12450795.0,2.0421433448791504,0.5593762993812561,0.12488260120153427,4.1353302001953125
1594,40.712501525878906,-78.52916717529297,2011-07-18,0.010986743494868279,2.7708730697631836,0.0,0.0,0.0,0.0,0.008217990398406982,27648864.0,4.777833938598633,0.026983465999364853,0.32954543828964233,0.8534554243087769
2575,56.704166412353516,-4.879166603088379,2010-04-06,16.158267974853516,0.6094878315925598,0.0,0.786318302154541,0.15481628477573395,0.0,19.607830047607422,109822656.0,0.8315256834030151,3.7835357189178467,0.9867264628410339,3.2039999961853027
564,37.72916793823242,-107.24583435058594,2014-10-24,0.01831941120326519,1.2004177570343018,0.0,2.315061330795288,4.969172954559326,0.0,0.01761317253112793,64400000.0,2.087023973464966,4.167440414428711,0.7076923251152039,4.105203151702881
5102,25.537500381469727,92.64583587646484,2014-08-06,5.329859256744385,2.8816707134246826,0.0,0.0,0.0,0.0,3.1799001693725586,2223939.5,3.1501710414886475,53.38297653198242,0.13397225737571716,60.41765213012695
4797,29.287500381469727,78.92916870117188,2012-11-25,0.03576923534274101,0.05807739496231079,0.0,0.0,0.0,0.0,0.0,84644688.0,2.0064826011657715,0.006023091729730368,0.8976106643676758,0.3345000147819519
6713,-27.129167556762695,152.55416870117188,2013-03-29,1.0095913410186768,2.5148959159851074,0.0,0.0,0.0,0.0,0.7332841753959656,367372288.0,3.172866106033325,7.206246852874756,0.9955889582633972,7.917092800140381
2748,41.00416564941406,-7.5291666984558105,2014-12-25,0.01255797315388918,0.4791353642940521,0.0,0.0,0.0,0.0,0.02230703830718994,89671680.0,0.7399896383285522,3.100472927093506,0.8985137939453125,2.694999933242798
1120,34.22083282470703,-98.04582977294922,2014-05-17,0.0,1.5429236888885498,0.0,0.0,0.0,0.0,0.0,155791200.0,4.215907096862793,0.016390476375818253,0.13501273095607758,2.2638959884643555
2949,33.9375,-4.6875,2012-03-06,2.4195183868869208e-05,1.044485330581665,0.0,0.06277874112129211,0.3944169878959656,0.0,0.002346932888031006,72907792.0,2.6949431896209717,8.476409912109375,0.8945740461349487,8.393202781677246
1689,38.87083435058594,-88.30416870117188,2014-07-02,4.725881099700928,3.8173987865448,0.0,0.0,0.0,0.0,5.388688087463379,34568176.0,4.605910301208496,0.34473636746406555,0.5648394823074341,0.9304999113082886
5699,24.704166412353516,113.11250305175781,2015-06-05,16.607295989990234,1.4614847898483276,0.0,0.0,0.0,0.0,17.282791137695312,43712844.0,1.5878660678863525,21.57769775390625,0.19690468907356262,25.61199951171875
3299,47.162498474121094,3.8458333015441895,2014-07-22,12.422188758850098,1.4838535785675049,0.0,0.0,0.0,0.0,12.20089054107666,80272936.0,1.5378910303115845,0.8668248057365417,0.9730052947998047,1.350574016571045
2667,42.920833587646484,-2.620833396911621,2015-08-01,7.655462741851807,2.7931766510009766,0.0,0.0,0.0,0.0,10.018805503845215,114245072.0,3.4827771186828613,0.11152396351099014,0.7771772742271423,3.3480002880096436
2540,-19.954166412353516,-44.337501525878906,2013-11-09,8.712393760681152,4.08469295501709,0.0,0.0,0.0,0.0,9.94524097442627,64396984.0,4.785969257354736,0.2705788016319275,0.6909548044204712,1.8504998683929443
1253,31.570833206176758,-94.82083129882812,2013-07-30,0.28696078062057495,4.175529479980469,0.0,0.0,0.0,0.0,0.6164855360984802,34353184.0,5.165565490722656,0.019526958465576172,0.2282603532075882,1.101279377937317
1378,18.370832443237305,-100.27083587646484,2012-08-30,7.8192596435546875,3.9866104125976562,0.0,0.0,0.0,0.0,6.943411827087402,250000000.0,4.297566890716553,144.68319702148438,1.0,144.9756317138672
1516,43.25416564941406,-75.4375,2013-07-06,7.245236873626709,4.0988640785217285,0.0,0.0,0.0,0.0,6.560601234436035,68200000.0,4.4841508865356445,15.405001640319824,0.6320667266845703,15.635167121887207
5583,27.862499237060547,111.5875015258789,2014-01-19,0.0,0.8111015558242798,0.0,0.0,0.0,0.0,0.0,128753968.0,1.8470386266708374,0.13013607263565063,0.9329997897148132,0.9829999208450317
3654,8.370833396911621,8.287500381469727,2011-10-11,3.3271682262420654,2.496579647064209,0.0,0.0,0.0,0.0,3.7822983264923096,37500000.0,3.1542017459869385,3.405139207839966,1.0,3.452000141143799
6165,29.02083396911621,120.1875,2013-06-11,2.2236247062683105,0.9302756190299988,0.0,0.0,0.0,0.0,2.859328031539917,51557036.0,1.164991021156311,0.8151332139968872,0.9991674423217773,0.656499981880188
6648,-37.10416793823242,142.42083740234375,2011-10-26,0.004885553847998381,2.3519201278686523,0.0,0.0,0.0,0.0,0.002346932888031006,20743554.0,3.6614112854003906,0.18034371733665466,0.7031713128089905,0.0704948902130127
4603,-26.512500762939453,30.64583396911621,2014-06-20,0.002676025265827775,0.1970137059688568,0.0,0.0,0.0,0.0,0.014361280016601086,28384196.0,1.655980110168457,0.8433271646499634,0.46531468629837036,1.5523521900177002
99,43.72083282470703,-123.05416870117188,2013-02-10,0.015001374296844006,1.0308783054351807,0.0,0.2962042987346649,4.104367733001709,0.0,0.019960105419158936,40698024.0,1.0717300176620483,9.555707931518555,0.6596114039421082,7.530555725097656
367,44.670833587646484,-117.97916412353516,2014-03-01,0.7347019910812378,0.9304534792900085,0.0,3.790128231048584,117.00010681152344,0.0,0.941757082939148,85131184.0,1.422325849533081,5.925034999847412,0.9386017918586731,3.03944730758667
5053,6.420833110809326,80.84583282470703,2011-07-18,5.776309490203857,2.813927412033081,0.0,0.0,0.0,0.0,4.6051344871521,179848960.0,3.353858232498169,4.684106349945068,0.6695791482925415,22.835262298583984
3623,11.604166984558105,8.387499809265137,2014-06-25,0.11344221979379654,1.373908281326294,0.0,0.0,0.0,0.0,0.09067604690790176,16557235.0,4.823704242706299,0.15533067286014557,0.7491962313652039,0.22346869111061096
4652,32.72916793823242,50.75416564941406,2011-11-30,0.057760369032621384,0.5737665891647339,0.0,0.12149234116077423,29.91745376586914,0.0,0.05736894533038139,1285932288.0,1.1508305072784424,6.038888454437256,0.8868497610092163,14.451499938964844
5728,23.804166793823242,111.48750305175781,2010-01-02,6.440300941467285,1.0870745182037354,0.0,0.0,0.0,0.0,6.880404472351074,39441888.0,1.0106546878814697,2.730217456817627,0.1878185123205185,6.4604902267456055
5309,32.47083282470703,111.70417022705078,2014-05-09,0.0,0.8719005584716797,0.0,0.0,0.0,0.0,0.0,102409736.0,2.3136093616485596,0.005473726894706488,0.8192778825759888,0.2854999899864197
4870,23.412500381469727,76.2874984741211,2014-10-26,0.027715742588043213,0.0889279842376709,0.0,0.0,0.0,0.0,0.027903083711862564,32814982.0,2.9914870262145996,0.004462671931833029,0.942959189414978,0.5350000262260437
3955,42.52083206176758,23.545833587646484,2014-07-20,3.6131019592285156,3.7054073810577393,0.0,0.0,0.0,0.0,1.7707149982452393,672891328.0,4.209811210632324,11.482139587402344,0.9998385310173035,10.464757919311523
1431,46.4375,-87.8125,2012-12-12,0.13742561638355255,0.33880066871643066,0.0,0.0,7.075443267822266,0.0,0.1209452748298645,2193717.75,0.5816036462783813,0.7219018340110779,0.07806824147701263,1.0307762622833252
507,39.61249923706055,-107.76249694824219,2014-08-23,2.6257450580596924,1.9853814840316772,0.0,0.0,0.0,0.0,2.682011604309082,12787192.0,2.684858798980713,0.3720816671848297,0.8524794578552246,0.6823075413703918
4087,-20.212499618530273,28.02916717529297,2013-12-10,0.11022798717021942,2.178461790084839,0.0,0.0,0.0,0.0,0.15382468700408936,10895390.0,4.485738277435303,0.42728519439697266,0.9312298893928528,0.33863264322280884
372,44.50416564941406,-118.1624984741211,2012-04-15,3.912421464920044,2.4565958976745605,0.0,0.4722057282924652,11.059966087341309,0.0,3.574453353881836,31076428.0,2.9827992916107178,4.700839519500732,0.9992420077323914,4.959623336791992
3804,48.42916488647461,19.587499618530273,2010-05-03,6.634302616119385,2.1445813179016113,0.0,0.0,0.0,0.0,7.6749773025512695,14767979.0,2.5236575603485107,0.08633041381835938,0.9978364706039429,0.13899998366832733
2108,44.36249923706055,-72.32083129882812,2012-02-06,0.003468245267868042,0.3168190121650696,0.0,0.0,82.07432556152344,0.0,0.004693865776062012,11297376.0,0.9607607126235962,0.53829425573349,0.6764896512031555,0.591509222984314
298,48.337501525878906,-112.67916870117188,2010-07-17,0.0,1.9741742610931396,0.0,0.0,0.0,0.0,0.0,18968994.0,4.601734161376953,0.0407065749168396,0.5126754641532898,0.10299982130527496
2003,51.82083511352539,-67.82083129882812,2015-04-15,7.079533576965332,0.18522705137729645,0.0,0.0,219.9797821044922,0.0,9.408785820007324,1295899264.0,1.8224217891693115,15.955967903137207,0.5183597207069397,51.99248504638672
2483,-6.137499809265137,-38.1875,2011-09-01,0.0,0.16926822066307068,0.0,0.0,0.0,0.0,0.0,26642198.0,4.6997389793396,3.19461989402771,0.4861714839935303,3.657075881958008
5088,29.087499618530273,104.74583435058594,2010-07-06,7.530478477478027,3.8519210815429688,0.0,0.0,0.0,0.0,8.206037521362305,2764195.0,4.209224224090576,20.437868118286133,0.09307052940130234,1.2813743352890015
4983,17.087499618530273,81.27083587646484,2014-11-30,0.0,1.1106981039047241,0.0,0.0,0.0,0.0,0.0,46246304.0,3.1765170097351074,0.2485344409942627,0.667334794998169,6.574999809265137
5571,28.162500381469727,117.4124984741211,2015-05-10,0.2750908136367798,2.356844186782837,0.0,0.0,0.0,0.0,0.23703065514564514,27495452.0,3.000999927520752,39.15691375732422,0.8927095532417297,1.531999945640564
4813,25.879167556762695,77.69583129882812,2013-10-01,1.4677702188491821,2.423142910003662,0.0,0.0,0.0,0.0,0.9969472885131836,80381128.0,2.943885326385498,1.7771354913711548,0.9985233545303345,2.5724992752075195
4928,20.495832443237305,77.1624984741211,2014-03-15,0.14529353380203247,2.8302807807922363,0.0,0.0,0.0,0.0,0.2078413963317871,32059988.0,4.1014509201049805,3.2271029949188232,0.30826911330223083,1.6082979440689087
108,42.454166412353516,-122.22916412353516,2014-10-01,1.1229063272476196,1.434263825416565,17440.19921875,0.0,0.0,13952.0,1.531235933303833,34760204.0,2.351468086242676,0.20356658101081848,0.8540590405464172,0.2206650674343109
5241,36.170833587646484,118.12916564941406,2011-05-04,0.0,1.4379513263702393,0.0,0.0,0.0,0.0,0.0,46320192.0,4.159908771514893,0.31215211749076843,0.34058964252471924,1.1426646709442139
1063,35.537498474121094,-99.17082977294922,2015-05-14,10.528532981872559,3.9781787395477295,0.0,0.0,0.0,0.0,6.449984550476074,204200000.0,4.623617649078369,85.67864990234375,1.0,86.19486999511719
6445,36.12916564941406,139.03750610351562,2011-10-03,2.2351982593536377,2.3736376762390137,0.0,0.0,0.0,0.0,3.898550510406494,129969280.0,2.697199821472168,9.482759475708008,0.9997636675834656,9.57105541229248
136,40.287498474121094,-121.0374984741211,2015-05-24,6.622712135314941,2.9841110706329346,0.0,0.0,0.0,0.0,6.343364715576172,28956460.0,3.497152805328369,2.2766659259796143,0.9462896585464478,2.7109599113464355
4974,17.47916603088379,76.5625,2013-12-09,0.0,0.21139100193977356,0.0,0.0,0.0,0.0,0.0,54062528.0,3.097113847732544,0.009540729224681854,0.8447270393371582,1.159000039100647
135,40.38750076293945,-123.44583129882812,2010-09-20,13.737009048461914,2.7527642250061035,0.0,0.0,0.0,0.0,13.504865646362305,58967948.0,2.955827236175537,0.5191637277603149,0.9228160977363586,0.5438997745513916
3840,46.337501525878906,26.412500381469727,2011-09-16,0.012538047507405281,1.487806797027588,9798.0,0.0,0.0,9798.0,0.10309815406799316,89041680.0,2.138836622238159,0.740228533744812,0.9893520474433899,0.9689074754714966
2633,52.10416793823242,-3.7791666984558105,2012-05-30,0.08694786578416824,2.070427894592285,0.0,0.0,0.0,0.0,0.09315460920333862,25222926.0,3.3336517810821533,1.5036982297897339,0.4134905934333801,1.779319167137146
2861,38.17916488647461,-2.8125,2013-08-20,0.0,0.23684771358966827,0.0,0.0,0.0,0.0,0.0,492529088.0,5.037830352783203,0.7191259264945984,0.9850581884384155,1.1551110744476318
2313,-27.65416717529297,-65.75416564941406,2011-03-29,2.3294363021850586,2.913888454437256,0.0,0.0,0.0,0.0,2.6444382667541504,142500000.0,3.1207666397094727,25.188833236694336,1.0,25.165294647216797
1770,36.212501525878906,-84.07917022705078,2013-03-29,0.006985907442867756,2.009230613708496,0.0,1.380637764930725,0.5602201819419861,0.0,0.0,777100032.0,1.6125352382659912,133.9575958251953,0.24687083065509796,132.31558227539062
5654,26.129167556762695,112.67916870117188,2015-08-19,0.5279806852340698,3.377849578857422,0.0,0.0,0.0,0.0,0.2639569938182831,357981952.0,3.608093738555908,66.10497283935547,0.8442970514297485,67.69450378417969
5140,17.745832443237305,100.55416870117188,2014-08-10,17.98992156982422,2.0772061347961426,0.0,0.0,0.0,0.0,19.352140426635742,9509999616.0,2.5902538299560547,2310.31298828125,1.0,2356.14697265625
1101,34.76250076293945,-90.13749694824219,2013-02-28,0.01077068317681551,1.3167856931686401,16861.0,0.0,0.0,16861.0,0.005705846007913351,38900000.0,1.4485865831375122,104.7150650024414,0.02278985269367695,104.05836486816406
5455,30.0625,105.1624984741211,2015-10-03,1.7750078439712524,0.7342683672904968,0.0,0.0,0.0,0.0,2.3767054080963135,4629920.0,1.0259701013565063,0.2539723515510559,0.1714785099029541,0.2492615282535553
4650,34.90416717529297,50.15416717529297,2014-08-24,0.0006581462803296745,0.12758685648441315,0.0,0.0,0.0,0.0,0.0,170603936.0,4.4721360206604,11.124601364135742,0.5882894396781921,13.015192031860352
3375,46.0625,1.2625000476837158,2011-08-10,0.2938731908798218,3.2717947959899902,0.0,0.0,0.0,0.0,0.30883029103279114,10721466.0,4.061596870422363,0.1897388994693756,0.4873393177986145,0.4491194784641266
5524,28.804166793823242,118.27083587646484,2013-12-14,0.0,0.9118852615356445,0.0,0.0,0.0,0.0,0.0,79870776.0,1.2052204608917236,0.4521879553794861,0.3207662105560303,5.753606796264648
1212,32.337501525878906,-96.7874984741211,2010-04-14,0.0,2.6995885372161865,0.0,0.0,0.0,0.0,0.0,27269270.0,4.257406711578369,0.06358443200588226,0.9338791966438293,1.8559999465942383
1105,34.69583511352539,-90.67082977294922,2014-02-05,20.615039825439453,1.0183098316192627,0.0,0.0,35.43476867675781,0.0,25.150348663330078,9868735.0,1.3274998664855957,0.010265997610986233,0.8733393549919128,0.230380579829216
5090,28.52916717529297,104.63749694824219,2015-02-28,3.685551166534424,0.5508652329444885,0.0,0.0,0.0,0.0,7.008536338806152,1274400.25,0.9451756477355957,0.0452190525829792,0.07040885835886002,0.1425866335630417
4658,30.695833206176758,50.34583282470703,2015-04-04,0.0033448426984250546,2.0066230297088623,0.0,0.046572089195251465,0.21513168513774872,0.0,0.0,1004851520.0,4.352372646331787,12.652835845947266,0.8373762965202332,150.88400268554688
369,44.587501525878906,-107.2125015258789,2010-12-04,3.84511137008667,0.41884732246398926,0.0,0.0,68.90653228759766,0.0,4.081733703613281,15095742.0,0.6332958936691284,0.4345661997795105,0.9802430272102356,0.5088518857955933
777,46.94583511352539,-98.75416564941406,2012-08-14,0.13940009474754333,2.686903476715088,0.0,0.0,0.0,0.0,0.02465769648551941,6218798.0,3.161264419555664,0.8529580235481262,0.027750100940465927,1.7519304752349854
5923,38.65416717529297,126.07083129882812,2010-06-10,0.0,3.3643226623535156,0.0,0.0,0.0,0.0,0.0,122904088.0,4.729745388031006,1.3802613019943237,0.8606730699539185,2.8849990367889404
294,48.52083206176758,-119.73750305175781,2011-02-02,0.0,0.2520352005958557,0.0,0.0,194.9142608642578,0.0,0.0,16000000.0,0.7097964882850647,1.4118894338607788,0.9195402264595032,1.400277853012085
1648,39.62083435058594,-76.69583129882812,2012-03-26,1.883988618850708,2.363478660583496,0.0,0.0,0.0,0.0,2.1223161220550537,71597984.0,3.1912577152252197,0.21813540160655975,0.6444462537765503,1.5924665927886963
2743,41.045833587646484,-2.945833444595337,2015-04-04,0.0,1.9053062200546265,0.0,0.0,0.0,0.0,0.0,31390988.0,3.544607639312744,0.8797969818115234,0.9997130632400513,0.8709074258804321
885,44.037498474121094,-103.77916717529297,2013-03-04,0.029129469767212868,0.8728810548782349,0.0,0.0,37.90645217895508,0.0,0.051666051149368286,18403724.0,1.5506298542022705,0.05760068818926811,0.9635457992553711,0.05130753666162491
6115,33.17916488647461,130.9875030517578,2011-02-05,0.0,1.2763385772705078,0.0,0.6255187392234802,0.49144119024276733,0.0,0.0,22381932.0,1.661333441734314,0.9887588620185852,0.3774356245994568,3.6816353797912598
5107,25.22916603088379,99.2125015258789,2011-04-05,0.0010384658817201853,2.6725311279296875,0.0,0.0,0.0,0.0,0.001173466444015503,68982768.0,3.796666383743286,0.19837486743927002,0.9385409355163574,0.6664999723434448
5826,-32.19583511352539,116.05416870117188,2011-04-15,0.0,0.15193866193294525,0.0,0.0,0.0,0.0,0.0,29629008.0,2.9296321868896484,0.1934255063533783,0.4938167631626129,0.6524002552032471
3065,64.27916717529297,11.887499809265137,2014-08-21,7.959851264953613,1.0797710418701172,0.0,0.0,0.0,0.0,11.609111785888672,148781648.0,1.6637098789215088,2.0868172645568848,0.9918776750564575,3.2602221965789795
4845,24.695833206176758,86.9124984741211,2011-07-17,6.718976020812988,3.4272854328155518,0.0,0.0,0.0,0.0,5.837254047393799,49271520.0,3.7581591606140137,1.624471664428711,0.33701449632644653,43.09999465942383
4152,-25.512500762939453,26.162500381469727,2014-12-05,0.0,2.447068691253662,0.0,0.0,0.0,0.0,0.0,6844335.0,5.708481788635254,0.810882568359375,0.9639908671379089,0.77166348695755
3081,62.52083206176758,13.120833396911621,2010-08-14,4.124227046966553,1.8676555156707764,0.0,0.0,0.0,0.0,4.73569393157959,118665408.0,2.2877869606018066,12.559822082519531,0.4944392144680023,13.10522174835205
3034,9.487500190734863,-6.5625,2012-08-17,2.297170877456665,2.8759536743164062,0.0,0.0,0.0,0.0,2.6996283531188965,5630609.5,3.405914306640625,0.544377326965332,0.31281164288520813,0.43997469544410706
1565,41.27916717529297,-80.75416564941406,2011-03-29,0.0,1.339702844619751,0.0,0.0,3.5370841026306152,0.0,0.0,106626400.0,2.361543893814087,0.7634498476982117,0.48029908537864685,14.595998764038086
5150,16.587499618530273,103.44583129882812,2012-03-26,0.0,0.27934783697128296,0.0,0.0,0.0,0.0,0.0,1003701952.0,4.590164661407471,4.729842185974121,0.7018895149230957,38.537322998046875
45,48.49583435058594,-123.7125015258789,2011-07-01,0.46177712082862854,1.0810298919677734,0.0,0.0,0.0,0.0,0.5800836086273193,49794068.0,3.7500598430633545,0.7797204256057739,0.9612753987312317,1.3639999628067017
5097,26.10416603088379,101.6624984741211,2010-01-17,0.0,0.48890525102615356,0.0,0.0,0.0,0.0,0.0,12951439.0,2.2855353355407715,0.08956755697727203,0.5680455565452576,1.4094774723052979
5037,10.304166793823242,76.72916412353516,2012-12-05,0.3247215151786804,2.4971017837524414,0.0,0.0,0.0,0.0,0.4156865179538727,152329552.0,3.4282257556915283,3.382361888885498,0.9975740313529968,4.231018543243408
6731,-28.987499237060547,151.4791717529297,2015-11-17,2.523231029510498,3.3232452869415283,0.0,0.0,0.0,0.0,1.425553798675537,249959728.0,4.772989749908447,1.4485852718353271,0.9840933680534363,1.1134815216064453
1516,43.25416564941406,-75.4375,2012-11-26,2.8266806602478027,0.6849466562271118,0.0,0.00999908335506916,5.008386611938477,0.0,3.1963400840759277,7590199.0,0.7321431636810303,2.1961021423339844,0.07034476101398468,4.940054416656494
2710,41.94583511352539,-8.054166793823242,2010-10-29,0.0,0.5174980163574219,0.0,0.0,0.0,0.0,0.0,2098176.0,0.8230973482131958,2.0030739307403564,0.026227200403809547,3.824070692062378
2148,43.462501525878906,-71.17916870117188,2011-08-30,0.509177565574646,1.9746443033218384,0.0,0.0,0.0,0.0,1.089714527130127,10279895.0,3.3629367351531982,0.13159358501434326,0.37933191657066345,0.3661905825138092
5140,17.745832443237305,100.55416870117188,2011-12-01,0.6684819459915161,1.164312720298767,0.0,0.0,0.0,0.0,0.2568005919456482,9389896704.0,2.599973440170288,23.419376373291016,0.9873708486557007,74.98799896240234
3139,59.77916717529297,7.2791666984558105,2013-02-13,0.3172312378883362,0.06556245684623718,0.42440757155418396,0.0,421.7710876464844,-17.959077835083008,0.45796114206314087,35683496.0,0.5310955047607422,2.2435927391052246,0.43516460061073303,3.0094926357269287
3321,46.59583282470703,8.8125,2012-09-07,0.01545015163719654,1.8168929815292358,0.0,0.0,0.0,0.0,0.01761317253112793,67300000.0,3.081747055053711,1.5721714496612549,1.0,1.5356111526489258
1848,34.40416717529297,-89.8125,2015-06-30,0.08136547356843948,3.5478198528289795,0.0,0.0,0.0,0.0,0.046196967363357544,77495920.0,4.228172779083252,2.132232666015625,0.020831119269132614,33.954341888427734
2908,37.162498474121094,-3.495833396911621,2010-05-08,0.047624729573726654,1.9442758560180664,0.0,1.4471088647842407,39.565582275390625,0.0,0.003520399332046509,71000000.0,4.333039283752441,2.9951977729797363,1.0,2.9405922889709473
5649,26.3125,113.42082977294922,2014-12-22,0.0,1.0908595323562622,0.0,0.0,0.0,0.0,0.0,49540648.0,1.7323062419891357,1.05759596824646,0.4027695059776306,5.477972507476807
1618,40.32083511352539,-75.47916412353516,2011-07-24,3.302351713180542,4.6143012046813965,4.973565101623535,0.0,0.0,32.90098190307617,4.605062007904053,4717707.0,5.1792216300964355,0.03158225491642952,0.15218408405780792,2.5201687812805176
4765,17.97916603088379,73.8375015258789,2015-03-11,3.819587230682373,2.1205832958221436,0.0,0.0,0.0,0.0,4.647727966308594,307429952.0,3.6690993309020996,0.1281561404466629,0.8041588664054871,4.940999984741211
1996,54.837501525878906,-70.72083282470703,2011-09-18,0.06931246072053909,0.6705179214477539,0.0,0.0,0.0,0.0,0.12153778970241547,1840000000.0,1.7672802209854126,34.088035583496094,1.0,28.724258422851562
851,45.295833587646484,-96.4375,2014-08-14,2.9214930691523477e-05,2.113633394241333,0.0,0.0,0.0,0.0,0.0,123428736.0,3.5410492420196533,0.9444112777709961,0.488053560256958,2.8139357566833496
1407,48.65416717529297,-85.75416564941406,2010-06-04,0.3363346755504608,1.389472484588623,3.4261932373046875,0.0,0.0,13.131245613098145,0.06407622992992401,0.0,4.299458026885986,15.21228313446045,0.0,12.33250904083252
4904,21.295833587646484,75.13749694824219,2013-11-10,0.007482719607651234,0.36467570066452026,0.0,0.0,0.0,0.0,0.0,99609192.0,2.735417366027832,0.08095671236515045,0.9642709493637085,2.302500009536743
2601,54.65416717529297,-2.262500047683716,2010-09-03,0.015268566086888313,1.2646042108535767,0.0,0.0,0.0,0.0,0.012915581464767456,40161772.0,1.9248149394989014,0.6704134941101074,0.9819504022598267,0.8400000333786011
4446,37.37083435058594,32.55416488647461,2014-02-09,0.010005597025156021,0.6495082974433899,0.0,0.5548343658447266,9.726238250732422,0.0,0.0010728836059570312,137562512.0,1.4963937997817993,23.215850830078125,0.8139793276786804,23.942127227783203
4809,26.262500762939453,76.75416564941406,2011-06-22,31.630273818969727,1.527259111404419,0.0,0.0,0.0,0.0,27.763086318969727,29063946.0,2.1854710578918457,0.08411259949207306,0.6969770789146423,0.5740000009536743
5948,37.037498474121094,120.73750305175781,2015-01-16,0.009186013601720333,0.2923849821090698,0.0,0.0,0.39963778853416443,0.0,0.001173466444015503,145261536.0,0.9370498657226562,0.45391184091567993,0.6399186849594116,1.0069999694824219
6320,38.77083206176758,140.8874969482422,2011-06-09,0.1674690842628479,3.6847259998321533,0.0,0.0,0.0,0.0,0.17613545060157776,36335276.0,4.142791271209717,2.243953227996826,0.9927671551704407,2.784222364425659
214,37.57083511352539,-120.27916717529297,2014-03-10,0.7270251512527466,1.4923789501190186,2.2422494888305664,2.1809275150299072,62.7795295715332,8.173002243041992,0.6259203553199768,1129757312.0,2.387943744659424,28.988353729248047,0.7632464170455933,18.48861312866211
4110,-21.379167556762695,27.445833206176758,2010-02-05,0.014019046910107136,2.455080509185791,0.0,0.0,0.0,0.0,0.0019041200866922736,84691984.0,4.973484992980957,4.393137454986572,0.9963763356208801,3.6764445304870605
3289,47.62916564941406,10.479166984558105,2010-01-20,0.0010241161799058318,0.38642391562461853,0.0,0.0,59.24912643432617,0.0,0.001173466444015503,15754211.0,0.6116746664047241,1.119336485862732,0.9846382141113281,1.2967661619186401
3062,64.6875,14.1875,2011-02-04,3.5803847312927246,0.06927400827407837,0.0,0.0,175.2610626220703,0.0,4.515764236450195,30207132.0,0.39789143204689026,12.938456535339355,0.30207130312919617,14.704411506652832
2,63.77083206176758,-135.3958282470703,2012-08-29,15.920918464660645,1.4204047918319702,0.0,0.0,0.223445326089859,0.0,17.105865478515625,264800000.0,1.7527086734771729,13.8413724899292,0.04658527299761772,30.821313858032227
2886,37.76250076293945,-5.679166793823242,2013-03-12,0.766493022441864,0.9611136317253113,0.0,0.0,0.0,0.0,0.7256902456283569,134600000.0,1.0393383502960205,31.71435546875,1.0,31.6978702545166
4731,23.262500762939453,74.87916564941406,2012-04-13,0.0,0.009292250499129295,0.0,0.0,0.0,0.0,0.0,35545380.0,5.097692012786865,3.520585596561432e-05,0.6546109914779663,0.9709998965263367
5008,12.5625,77.4375,2015-06-06,5.1358642578125,4.123740196228027,0.0,0.0,0.0,0.0,4.651252269744873,37028920.0,4.474658012390137,29.829402923583984,0.5003908276557922,3.880000352859497
1143,33.72083282470703,-93.0875015258789,2010-02-20,0.0,0.9813200831413269,0.0,0.0,0.0,0.0,0.0,16200000.0,1.3309657573699951,1.6255699396133423,0.5328947305679321,1.5687220096588135
140,39.90416717529297,-121.2125015258789,2013-02-22,0.16040539741516113,0.7907460927963257,0.0,0.43233758211135864,196.66250610351562,0.0,0.19920125603675842,126999680.0,1.7497074604034424,1.0587979555130005,0.9999974966049194,0.9453550577163696
4518,-17.337499618530273,31.012500762939453,2014-09-12,0.0,0.09816541522741318,0.0,0.0,0.0,0.0,0.0,7400593.5,4.317041873931885,0.6755685806274414,0.37758129835128784,0.8488887548446655
5870,41.954166412353516,125.12083435058594,2012-12-13,0.08961564302444458,0.34501034021377563,0.0,0.0,47.445159912109375,0.0,0.09511411190032959,14701192.0,0.6904672980308533,0.2827520966529846,0.9866571426391602,0.3820370137691498
1393,15.295833587646484,-90.48750305175781,2014-05-15,2.3839948177337646,2.538550615310669,0.0,0.0,0.0,0.0,3.4805126190185547,383011712.0,2.7802317142486572,474.1400451660156,0.8326340913772583,81.20716857910156
4313,-33.50416564941406,22.570833206176758,2010-01-05,0.4552050232887268,1.0857599973678589,0.0,0.0,0.0,0.0,0.9919556379318237,14253414.0,6.623654365539551,2.388153553009033,0.2577471137046814,2.420288324356079
2032,46.5625,-68.34583282470703,2013-05-04,0.0,2.393118143081665,0.0,0.0,0.0,0.0,0.0,69007736.0,3.9892067909240723,0.817303478717804,0.6273430585861206,1.9005000591278076
760,47.37916564941406,-93.72083282470703,2012-05-26,0.9436988830566406,1.5254830121994019,0.0,0.0,0.0,0.0,1.966886281967163,306367296.0,3.1288046836853027,0.3734206557273865,0.7641988396644592,1.003999948501587
801,46.5625,-94.32917022705078,2010-02-16,0.40803614258766174,0.2426949441432953,0.0,0.0,62.455665588378906,0.0,0.455610454082489,5018661.0,1.0464950799942017,0.16723059117794037,0.34611454606056213,0.2616022527217865
4381,42.74583435058594,42.045833587646484,2010-09-26,4.183775901794434,2.201826572418213,2.5687267780303955,0.02179805189371109,1.1769291162490845,11.6266508102417,1.548849105834961,1035490944.0,2.839350700378418,36.696598052978516,0.9413554072380066,52.329139709472656
2592,55.49583435058594,-3.2291667461395264,2011-09-28,0.18168877065181732,1.127575159072876,0.0,0.0,0.0,0.0,0.21723656356334686,66200000.0,1.6221081018447876,1.0039482116699219,1.0,0.967703640460968
6434,36.26250076293945,137.0208282470703,2014-08-21,5.154627799987793,3.2510762214660645,0.0,0.0,0.0,0.0,6.389159679412842,123000000.0,3.564781665802002,17.624393463134766,1.0,17.693944931030273
4444,37.454166412353516,34.14583206176758,2011-10-19,2.111699104309082,0.8488523364067078,0.0,2.0172949977137478e-09,1.1007075309753418,0.0,0.6247050762176514,76329792.0,2.0225260257720947,1.2768090963363647,0.9541223645210266,1.4801241159439087
4608,-26.787500381469727,31.945833206176758,2012-04-10,1.0015511512756348,2.1633191108703613,2.8211562633514404,0.0,0.0,23.74443244934082,1.2952089309692383,140858.921875,3.3569018840789795,0.002829667879268527,0.014228174462914467,1.4743626707058866e-05
1912,31.362499237060547,-85.72916412353516,2012-12-17,1.5577731132507324,0.8281198740005493,0.0,0.0,0.0,0.0,1.560591220855713,3851255.25,0.9068982005119324,0.10303410142660141,0.17747719585895538,0.21548838913440704
2085,44.829166412353516,-69.27916717529297,2013-10-01,0.00010440092592034489,1.8517370223999023,0.0,0.0,0.0,0.0,0.0,11458053.0,2.2461740970611572,2.745342254638672,0.6585087776184082,3.8499999046325684
3557,36.662498474121094,3.4041666984558105,2010-04-27,0.0009959024609997869,3.0368123054504395,0.0,0.0,0.0,0.0,0.001173466444015503,145311712.0,4.436833381652832,0.2280610054731369,0.9952858090400696,0.24335184693336487
367,44.670833587646484,-117.97916412353516,2013-02-24,10.307793617248535,1.0151429176330566,0.0,0.0,156.24815368652344,0.0,9.774558067321777,84365504.0,1.3205353021621704,1.538432002067566,0.9301599264144897,2.145390272140503
1161,33.12083435058594,-98.61250305175781,2012-10-09,0.0,1.3025028705596924,0.0,0.0,0.0,0.0,0.0,41298736.0,2.8930625915527344,0.01568024232983589,0.3189091682434082,0.4564669728279114
